{"__symbolic":"module","version":1,"metadata":{"ReflectionCapabilities":{"__symbolic":"select","expression":{"__symbolic":"reference","module":"@angular/core","name":"___core_private__"},"member":"ReflectionCapabilities"},"reflector":{"__symbolic":"select","expression":{"__symbolic":"reference","module":"@angular/core","name":"___core_private__"},"member":"reflector"},"Console":{"__symbolic":"select","expression":{"__symbolic":"reference","module":"@angular/core","name":"___core_private__"},"member":"Console"}}}