{"__symbolic":"module","version":1,"metadata":{"BROWSER_APP_COMPILER_PROVIDERS":[],"CACHED_TEMPLATE_PROVIDER":[{"provide":{"__symbolic":"reference","module":"@angular/compiler","name":"XHR"},"useClass":{"__symbolic":"reference","module":"./src/xhr/xhr_cache","name":"CachedXHR"}}],"platformBrowserDynamic":{"__symbolic":"call","expression":{"__symbolic":"reference","module":"@angular/core","name":"createPlatformFactory"},"arguments":[{"__symbolic":"reference","module":"@angular/compiler","name":"platformCoreDynamic"},"browserDynamic",{"__symbolic":"reference","module":"./src/platform_providers","name":"INTERNAL_BROWSER_DYNAMIC_PLATFORM_PROVIDERS"}]},"browserDynamicPlatform":{"__symbolic":"reference","name":"platformBrowserDynamic"},"bootstrapWorkerUi":{"__symbolic":"function","parameters":["workerScriptUri","customProviders"],"value":{"__symbolic":"call","expression":{"__symbolic":"select","expression":{"__symbolic":"reference","name":"Promise"},"member":"resolve"},"arguments":[{"__symbolic":"call","expression":{"__symbolic":"reference","module":"@angular/platform-browser","name":"platformWorkerUi"},"arguments":[{"__symbolic":"call","expression":{"__symbolic":"select","expression":[{"provide":{"__symbolic":"reference","module":"@angular/platform-browser","name":"WORKER_SCRIPT"},"useValue":{"__symbolic":"reference","name":"workerScriptUri"}}],"member":"concat"},"arguments":[{"__symbolic":"reference","name":"customProviders"}]}]}]},"defaults":[null,[]]},"platformWorkerAppDynamic":{"__symbolic":"call","expression":{"__symbolic":"reference","module":"@angular/core","name":"createPlatformFactory"},"arguments":[{"__symbolic":"reference","module":"@angular/compiler","name":"platformCoreDynamic"},"workerAppDynamic",[{"provide":{"__symbolic":"reference","module":"@angular/core","name":"COMPILER_OPTIONS"},"useValue":{"providers":[{"provide":{"__symbolic":"reference","module":"@angular/compiler","name":"XHR"},"useClass":{"__symbolic":"reference","module":"./src/xhr/xhr_impl","name":"XHRImpl"}}]},"multi":true}]]},"workerAppDynamicPlatform":{"__symbolic":"reference","name":"platformWorkerAppDynamic"}}}